ids,labels,parents,points,color
3,Arsenal,<b>FPL 2019/20 | Game Week = 2 | Toal Points = 1511</b>,128,#EF0107
7,Aston Villa,<b>FPL 2019/20 | Game Week = 2 | Toal Points = 1511</b>,65,#670E36
36,Brighton,<b>FPL 2019/20 | Game Week = 2 | Toal Points = 1511</b>,95,#0057B8
90,Burnley,<b>FPL 2019/20 | Game Week = 2 | Toal Points = 1511</b>,25,#99D6EA
8,Chelsea,<b>FPL 2019/20 | Game Week = 2 | Toal Points = 1511</b>,69,#034694
31,Crystal Palace,<b>FPL 2019/20 | Game Week = 2 | Toal Points = 1511</b>,115,#1B458F
11,Everton,<b>FPL 2019/20 | Game Week = 2 | Toal Points = 1511</b>,123,#003399
54,Fulham,<b>FPL 2019/20 | Game Week = 2 | Toal Points = 1511</b>,54,#DA291C
13,Leicester,<b>FPL 2019/20 | Game Week = 2 | Toal Points = 1511</b>,123,#003090
2,Leeds,<b>FPL 2019/20 | Game Week = 2 | Toal Points = 1511</b>,92,#fff200
14,Liverpool,<b>FPL 2019/20 | Game Week = 2 | Toal Points = 1511</b>,119,#C8102E
43,Man City,<b>FPL 2019/20 | Game Week = 2 | Toal Points = 1511</b>,46,#6CABDD
1,Man Utd,<b>FPL 2019/20 | Game Week = 2 | Toal Points = 1511</b>,22,#DA291C
4,Newcastle,<b>FPL 2019/20 | Game Week = 2 | Toal Points = 1511</b>,85,#BBBCBC
49,Sheffield Utd,<b>FPL 2019/20 | Game Week = 2 | Toal Points = 1511</b>,33,#010101
20,Southampton,<b>FPL 2019/20 | Game Week = 2 | Toal Points = 1511</b>,48,#D71920
6,Spurs,<b>FPL 2019/20 | Game Week = 2 | Toal Points = 1511</b>,84,#132257
35,West Brom,<b>FPL 2019/20 | Game Week = 2 | Toal Points = 1511</b>,41,#FBEE23
21,West Ham,<b>FPL 2019/20 | Game Week = 2 | Toal Points = 1511</b>,43,#7A263A
39,Wolves,<b>FPL 2019/20 | Game Week = 2 | Toal Points = 1511</b>,101,#FDB913
Özil,Özil,3,0,#EF0107
Sokratis,Sokratis,3,0,#EF0107
David Luiz,David Luiz,3,1,#EF0107
Aubameyang,Aubameyang,3,12,#EF0107
Cédric,Cédric,3,0,#EF0107
Lacazette,Lacazette,3,14,#EF0107
Mustafi,Mustafi,3,0,#EF0107
Leno,Leno,3,9,#EF0107
Xhaka,Xhaka,3,5,#EF0107
Marí,Marí,3,0,#EF0107
Bellerín,Bellerín,3,7,#EF0107
Chambers,Chambers,3,0,#EF0107
Kolasinac,Kolasinac,3,2,#EF0107
Maitland-Niles,Maitland-Niles,3,6,#EF0107
Holding,Holding,3,8,#EF0107
Tierney,Tierney,3,6,#EF0107
Pépé,Pépé,3,2,#EF0107
Torreira,Torreira,3,0,#EF0107
Willock,Willock,3,0,#EF0107
Nelson,Nelson,3,0,#EF0107
Nketiah,Nketiah,3,9,#EF0107
Smith Rowe,Smith Rowe,3,0,#EF0107
Saka,Saka,3,2,#EF0107
Guendouzi,Guendouzi,3,0,#EF0107
Martinelli,Martinelli,3,0,#EF0107
Saliba,Saliba,3,0,#EF0107
Willian,Willian,3,16,#EF0107
Gabriel,Gabriel,3,17,#EF0107
Ceballos,Ceballos,3,9,#EF0107
Elneny,Elneny,3,3,#EF0107
Macey,Macey,3,0,#EF0107
Martínez,Martínez,7,13,#670E36
Heaton,Heaton,7,0,#670E36
El Mohamady,El Mohamady,7,0,#670E36
Lansbury,Lansbury,7,0,#670E36
Taylor,Taylor,7,0,#670E36
Steer,Steer,7,0,#670E36
Hourihane,Hourihane,7,3,#670E36
Jota,Jota,7,0,#670E36
Nyland,Nyland,7,0,#670E36
Engels,Engels,7,0,#670E36
Grealish,Grealish,7,3,#670E36
McGinn,McGinn,7,2,#670E36
Hause,Hause,7,0,#670E36
Trézéguet,Trézéguet,7,3,#670E36
Mings,Mings,7,10,#670E36
Targett,Targett,7,5,#670E36
Bree,Bree,7,0,#670E36
Nakamba,Nakamba,7,0,#670E36
El Ghazi,El Ghazi,7,0,#670E36
Konsa,Konsa,7,15,#670E36
Guilbert,Guilbert,7,0,#670E36
Wesley,Wesley,7,0,#670E36
Samatta,Samatta,7,0,#670E36
Davis,Davis,7,1,#670E36
Vassilev,Vassilev,7,0,#670E36
Douglas Luiz,Douglas Luiz,7,3,#670E36
Cash,Cash,7,5,#670E36
Watkins,Watkins,7,2,#670E36
Traoré,Traoré,7,0,#670E36
Murray,Murray,36,0,#0057B8
Lallana,Lallana,36,2,#0057B8
Stephens,Stephens,36,0,#0057B8
Groß,Groß,36,1,#0057B8
Duffy,Duffy,36,0,#0057B8
Pröpper,Pröpper,36,0,#0057B8
Mooy,Mooy,36,0,#0057B8
Burn,Burn,36,1,#0057B8
Dunk,Dunk,36,8,#0057B8
Montoya,Montoya,36,0,#0057B8
Andone,Andone,36,0,#0057B8
March,March,36,5,#0057B8
Webster,Webster,36,7,#0057B8
Veltman,Veltman,36,0,#0057B8
Maupay,Maupay,36,18,#0057B8
Trossard,Trossard,36,14,#0057B8
Ryan,Ryan,36,7,#0057B8
Jahanbakhsh,Jahanbakhsh,36,2,#0057B8
Izquierdo,Izquierdo,36,0,#0057B8
Clarke,Clarke,36,0,#0057B8
White,White,36,7,#0057B8
Bernardo,Bernardo,36,0,#0057B8
Bissouma,Bissouma,36,2,#0057B8
Lamptey,Lamptey,36,7,#0057B8
Connolly,Connolly,36,9,#0057B8
Alzate,Alzate,36,5,#0057B8
Mac Allister,Mac Allister,36,0,#0057B8
Walton,Walton,36,0,#0057B8
Steele,Steele,36,0,#0057B8
Tarkowski,Tarkowski,90,0,#99D6EA
Bardsley,Bardsley,90,-1,#99D6EA
Pieters,Pieters,90,-2,#99D6EA
Cork,Cork,90,0,#99D6EA
Long,Long,90,0,#99D6EA
Rodriguez,Rodriguez,90,1,#99D6EA
Barnes,Barnes,90,0,#99D6EA
Mee,Mee,90,0,#99D6EA
Westwood,Westwood,90,2,#99D6EA
Gudmundsson,Gudmundsson,90,0,#99D6EA
Wood,Wood,90,6,#99D6EA
Lowton,Lowton,90,0,#99D6EA
Vydra,Vydra,90,1,#99D6EA
Gibson,Gibson,90,0,#99D6EA
Brady,Brady,90,1,#99D6EA
Pope,Pope,90,1,#99D6EA
Taylor,Taylor,90,3,#99D6EA
Brownhill,Brownhill,90,2,#99D6EA
Peacock-Farrell,Peacock-Farrell,90,0,#99D6EA
McNeil,McNeil,90,5,#99D6EA
Dunne,Dunne,90,6,#99D6EA
Thomas,Thomas,90,0,#99D6EA
Benson,Benson,90,0,#99D6EA
Driscoll-Glennon,Driscoll-Glennon,90,0,#99D6EA
Caballero,Caballero,8,0,#034694
Azpilicueta,Azpilicueta,8,1,#034694
Giroud,Giroud,8,0,#034694
Alonso,Alonso,8,3,#034694
Jorginho,Jorginho,8,12,#034694
Barkley,Barkley,8,2,#034694
Kovacic,Kovacic,8,2,#034694
Rüdiger,Rüdiger,8,0,#034694
Zouma,Zouma,8,9,#034694
Emerson,Emerson,8,0,#034694
Arrizabalaga,Arrizabalaga,8,4,#034694
Kanté,Kanté,8,4,#034694
Ziyech,Ziyech,8,0,#034694
Loftus-Cheek,Loftus-Cheek,8,2,#034694
Christensen,Christensen,8,-1,#034694
Werner,Werner,8,7,#034694
Abraham,Abraham,8,1,#034694
Pulisic,Pulisic,8,0,#034694
Mount,Mount,8,4,#034694
Tomori,Tomori,8,0,#034694
Hudson-Odoi,Hudson-Odoi,8,1,#034694
James,James,8,15,#034694
Gilmour,Gilmour,8,0,#034694
Chilwell,Chilwell,8,0,#034694
Thiago Silva,Thiago Silva,8,0,#034694
Havertz,Havertz,8,3,#034694
Batshuayi,Batshuayi,31,1,#1B458F
Cahill,Cahill,31,0,#1B458F
Hennessey,Hennessey,31,0,#1B458F
Sakho,Sakho,31,2,#1B458F
Guaita,Guaita,31,13,#1B458F
Tomkins,Tomkins,31,0,#1B458F
McArthur,McArthur,31,5,#1B458F
McCarthy,McCarthy,31,4,#1B458F
Benteke,Benteke,31,0,#1B458F
Kouyaté,Kouyaté,31,5,#1B458F
Ward,Ward,31,7,#1B458F
Kelly,Kelly,31,0,#1B458F
Wickham,Wickham,31,0,#1B458F
Townsend,Townsend,31,17,#1B458F
Milivojevic,Milivojevic,31,2,#1B458F
van Aanholt,van Aanholt,31,0,#1B458F
Ayew,Ayew,31,7,#1B458F
Zaha,Zaha,31,23,#1B458F
Schlupp,Schlupp,31,9,#1B458F
Meyer,Meyer,31,0,#1B458F
Riedewald,Riedewald,31,0,#1B458F
Ferguson,Ferguson,31,0,#1B458F
Mitchell,Mitchell,31,11,#1B458F
Pierrick,Pierrick,31,0,#1B458F
Dann,Dann,31,7,#1B458F
Eze,Eze,31,2,#1B458F
Woods,Woods,31,0,#1B458F
Inniss,Inniss,31,0,#1B458F
Walcott,Walcott,11,0,#003399
Delph,Delph,11,0,#003399
Sigurdsson,Sigurdsson,11,2,#003399
Lössl,Lössl,11,0,#003399
Coleman,Coleman,11,7,#003399
Tosun,Tosun,11,0,#003399
Bernard,Bernard,11,0,#003399
Digne,Digne,11,13,#003399
Keane,Keane,11,13,#003399
Pickford,Pickford,11,9,#003399
André Gomes,André Gomes,11,5,#003399
Iwobi,Iwobi,11,1,#003399
Kenny,Kenny,11,0,#003399
Gbamin,Gbamin,11,0,#003399
Mina,Mina,11,7,#003399
Davies,Davies,11,1,#003399
Calvert-Lewin,Calvert-Lewin,11,25,#003399
Holgate,Holgate,11,0,#003399
Richarlison,Richarlison,11,14,#003399
Virgínia,Virgínia,11,0,#003399
Gordon,Gordon,11,0,#003399
Kean,Kean,11,2,#003399
Branthwaite,Branthwaite,11,0,#003399
Allan,Allan,11,5,#003399
Rodríguez,Rodríguez,11,15,#003399
Doucouré,Doucouré,11,4,#003399
Fabri,Fabri,54,0,#DA291C
McDonald,McDonald,54,0,#DA291C
Le Marchand,Le Marchand,54,0,#DA291C
Johansen,Johansen,54,0,#DA291C
Cairney,Cairney,54,1,#DA291C
Ream,Ream,54,1,#DA291C
Knockaert,Knockaert,54,0,#DA291C
Hector,Hector,54,0,#DA291C
Christie,Christie,54,0,#DA291C
Kebano,Kebano,54,3,#DA291C
Decordova-Reid,Decordova-Reid,54,6,#DA291C
Bryan,Bryan,54,4,#DA291C
Bettinelli,Bettinelli,54,0,#DA291C
Mitrović,Mitrović,54,13,#DA291C
Mawson,Mawson,54,0,#DA291C
Rodák,Rodák,54,1,#DA291C
Cavaleiro,Cavaleiro,54,4,#DA291C
Onomah,Onomah,54,3,#DA291C
Seri,Seri,54,0,#DA291C
Kamara,Kamara,54,3,#DA291C
Anguissa,Anguissa,54,6,#DA291C
Sessegnon,Sessegnon,54,0,#DA291C
Reed,Reed,54,4,#DA291C
Robinson,Robinson,54,0,#DA291C
Lemina,Lemina,54,1,#DA291C
Areola,Areola,54,1,#DA291C
Tete,Tete,54,2,#DA291C
Odoi,Odoi,54,1,#DA291C
Morgan,Morgan,13,1,#003090
Schmeichel,Schmeichel,13,8,#003090
Fuchs,Fuchs,13,0,#003090
Evans,Evans,13,0,#003090
Silva,Silva,13,0,#003090
Albrighton,Albrighton,13,2,#003090
James,James,13,0,#003090
Ward,Ward,13,0,#003090
Vardy,Vardy,13,15,#003090
Praet,Praet,13,14,#003090
Pereira,Pereira,13,0,#003090
Amartey,Amartey,13,0,#003090
Tielemans,Tielemans,13,5,#003090
Pérez,Pérez,13,5,#003090
Gray,Gray,13,0,#003090
Maddison,Maddison,13,2,#003090
Iheanacho,Iheanacho,13,0,#003090
Choudhury,Choudhury,13,0,#003090
Barnes,Barnes,13,16,#003090
Ndidi,Ndidi,13,5,#003090
Benkovic,Benkovic,13,0,#003090
Söyüncü,Söyüncü,13,7,#003090
Justin,Justin,13,16,#003090
Thomas,Thomas,13,0,#003090
Castagne,Castagne,13,23,#003090
Mendy,Mendy,13,4,#003090
Ünder,Ünder,13,0,#003090
Hernández,Hernández,2,2,#fff200
Casilla,Casilla,2,0,#fff200
Cooper,Cooper,2,1,#fff200
Douglas,Douglas,2,0,#fff200
Ayling,Ayling,2,1,#fff200
Klich,Klich,2,18,#fff200
Forshaw,Forshaw,2,0,#fff200
Dallas,Dallas,2,4,#fff200
Alioski,Alioski,2,1,#fff200
Bamford,Bamford,2,21,#fff200
Harrison,Harrison,2,9,#fff200
Phillips,Phillips,2,7,#fff200
Costa,Costa,2,19,#fff200
Roberts,Roberts,2,2,#fff200
Grot,Grot,2,0,#fff200
Miazek,Miazek,2,0,#fff200
Poveda-Ocampo,Poveda-Ocampo,2,0,#fff200
Shackleton,Shackleton,2,1,#fff200
Struijk,Struijk,2,0,#fff200
Stevens,Stevens,2,0,#fff200
Meslier,Meslier,2,3,#fff200
Davis,Davis,2,0,#fff200
Casey,Casey,2,0,#fff200
Koch,Koch,2,1,#fff200
Rodrigo,Rodrigo,2,2,#fff200
Caprile,Caprile,2,0,#fff200
Bogusz,Bogusz,2,0,#fff200
Milner,Milner,14,1,#C8102E
Tsimikas,Tsimikas,14,0,#C8102E
Wijnaldum,Wijnaldum,14,5,#C8102E
Henderson,Henderson,14,3,#C8102E
Adrián,Adrián,14,0,#C8102E
Matip,Matip,14,1,#C8102E
Shaqiri,Shaqiri,14,0,#C8102E
Chamberlain,Chamberlain,14,0,#C8102E
Firmino,Firmino,14,6,#C8102E
van Dijk,van Dijk,14,14,#C8102E
Mané,Mané,14,18,#C8102E
Alisson,Alisson,14,15,#C8102E
Fabinho,Fabinho,14,7,#C8102E
Salah,Salah,14,23,#C8102E
Robertson,Robertson,14,10,#C8102E
Origi,Origi,14,0,#C8102E
Harry Wilson,Harry Wilson,14,0,#C8102E
Minamino,Minamino,14,1,#C8102E
Alexander-Arnold,Alexander-Arnold,14,8,#C8102E
Gomez,Gomez,14,1,#C8102E
Keita,Keita,14,4,#C8102E
Brewster,Brewster,14,0,#C8102E
Jones,Jones,14,1,#C8102E
Williams,Williams,14,0,#C8102E
Elliott,Elliott,14,0,#C8102E
Jota,Jota,14,0,#C8102E
Thiago,Thiago,14,1,#C8102E
Fernandinho,Fernandinho,43,2,#6CABDD
Bravo,Bravo,43,0,#6CABDD
Agüero,Agüero,43,0,#6CABDD
Otamendi,Otamendi,43,0,#6CABDD
Walker,Walker,43,2,#6CABDD
Gündogan,Gündogan,43,0,#6CABDD
De Bruyne,De Bruyne,43,13,#6CABDD
Stones,Stones,43,2,#6CABDD
Mendy,Mendy,43,1,#6CABDD
Mahrez,Mahrez,43,0,#6CABDD
Sterling,Sterling,43,5,#6CABDD
Cancelo,Cancelo,43,0,#6CABDD
Ederson,Ederson,43,2,#6CABDD
Aké,Aké,43,2,#6CABDD
Laporte,Laporte,43,0,#6CABDD
Bernardo Silva,Bernardo Silva,43,0,#6CABDD
Jesus,Jesus,43,6,#6CABDD
Zinchenko,Zinchenko,43,0,#6CABDD
Foden,Foden,43,9,#6CABDD
Doyle,Doyle,43,0,#6CABDD
Rodrigo,Rodrigo,43,1,#6CABDD
Torres,Torres,43,1,#6CABDD
Garcia,Garcia,43,0,#6CABDD
Bernabé,Bernabé,43,0,#6CABDD
Steffen,Steffen,43,0,#6CABDD
Delap,Delap,43,0,#6CABDD
Romero,Romero,1,0,#DA291C
Mata,Mata,1,0,#DA291C
de Gea,de Gea,1,1,#DA291C
Smalling,Smalling,1,0,#DA291C
Ighalo,Ighalo,1,1,#DA291C
Rojo,Rojo,1,0,#DA291C
Matic,Matic,1,0,#DA291C
Pogba,Pogba,1,2,#DA291C
Jones,Jones,1,0,#DA291C
Maguire,Maguire,1,0,#DA291C
Fred,Fred,1,0,#DA291C
Shaw,Shaw,1,1,#DA291C
Lingard,Lingard,1,0,#DA291C
Fernandes,Fernandes,1,2,#DA291C
Martial,Martial,1,2,#DA291C
Pereira,Pereira,1,0,#DA291C
Henderson,Henderson,1,0,#DA291C
Rashford,Rashford,1,2,#DA291C
Tuanzebe,Tuanzebe,1,0,#DA291C
Lindelöf,Lindelöf,1,1,#DA291C
McTominay,McTominay,1,2,#DA291C
Bailly,Bailly,1,0,#DA291C
James,James,1,1,#DA291C
Fosu-Mensah,Fosu-Mensah,1,0,#DA291C
Wan-Bissaka,Wan-Bissaka,1,0,#DA291C
Dalot,Dalot,1,0,#DA291C
Greenwood,Greenwood,1,1,#DA291C
Chong,Chong,1,0,#DA291C
Garner,Garner,1,0,#DA291C
Williams,Williams,1,0,#DA291C
Mengi,Mengi,1,0,#DA291C
van de Beek,van de Beek,1,6,#DA291C
Carroll,Carroll,4,3,#BBBCBC
Shelvey,Shelvey,4,4,#BBBCBC
Ritchie,Ritchie,4,0,#BBBCBC
Fernández,Fernández,4,7,#BBBCBC
Clark,Clark,4,0,#BBBCBC
Darlow,Darlow,4,9,#BBBCBC
Dubravka,Dubravka,4,0,#BBBCBC
Lejeune,Lejeune,4,0,#BBBCBC
Lascelles,Lascelles,4,6,#BBBCBC
Gayle,Gayle,4,0,#BBBCBC
Atsu,Atsu,4,0,#BBBCBC
Dummett,Dummett,4,0,#BBBCBC
Manquillo,Manquillo,4,6,#BBBCBC
Krafth,Krafth,4,0,#BBBCBC
Schär,Schär,4,0,#BBBCBC
Yedlin,Yedlin,4,0,#BBBCBC
Hayden,Hayden,4,4,#BBBCBC
Aarons,Aarons,4,0,#BBBCBC
Saint-Maximin,Saint-Maximin,4,4,#BBBCBC
Almirón,Almirón,4,5,#BBBCBC
Joelinton,Joelinton,4,2,#BBBCBC
Muto,Muto,4,0,#BBBCBC
Watts,Watts,4,0,#BBBCBC
Sean Longstaff,Sean Longstaff,4,1,#BBBCBC
Hendrick,Hendrick,4,16,#BBBCBC
Matty Longstaff,Matty Longstaff,4,0,#BBBCBC
Gillespie,Gillespie,4,0,#BBBCBC
Murphy,Murphy,4,0,#BBBCBC
Wilson,Wilson,4,10,#BBBCBC
Fraser,Fraser,4,1,#BBBCBC
Lewis,Lewis,4,7,#BBBCBC
Sharp,Sharp,49,2,#010101
McGoldrick,McGoldrick,49,2,#010101
Basham,Basham,49,3,#010101
Fleck,Fleck,49,4,#010101
Stevens,Stevens,49,3,#010101
Moore,Moore,49,0,#010101
Norwood,Norwood,49,2,#010101
Foderingham,Foderingham,49,0,#010101
Baldock,Baldock,49,3,#010101
Jack Robinson,Jack Robinson,49,0,#010101
Egan,Egan,49,-2,#010101
O'Connell,O'Connell,49,3,#010101
Lundstram,Lundstram,49,1,#010101
Osborn,Osborn,49,1,#010101
McBurnie,McBurnie,49,2,#010101
Mousset,Mousset,49,0,#010101
Berge,Berge,49,3,#010101
Burke,Burke,49,2,#010101
Freeman,Freeman,49,0,#010101
Ramsdale,Ramsdale,49,3,#010101
Ampadu,Ampadu,49,1,#010101
Bogle,Bogle,49,0,#010101
Lowe,Lowe,49,0,#010101
Jagielka,Jagielka,49,0,#010101
Long,Long,20,2,#D71920
Bertrand,Bertrand,20,1,#D71920
McCarthy,McCarthy,20,2,#D71920
Oriol Romeu,Oriol Romeu,20,2,#D71920
Redmond,Redmond,20,2,#D71920
Ings,Ings,20,13,#D71920
Stephens,Stephens,20,1,#D71920
Armstrong,Armstrong,20,2,#D71920
Vestergaard,Vestergaard,20,1,#D71920
Ward-Prowse,Ward-Prowse,20,4,#D71920
Gunn,Gunn,20,0,#D71920
Boufal,Boufal,20,0,#D71920
Sims,Sims,20,0,#D71920
Walker-Peters,Walker-Peters,20,4,#D71920
Bednarek,Bednarek,20,1,#D71920
Adams,Adams,20,3,#D71920
Valery,Valery,20,0,#D71920
Smallbone,Smallbone,20,3,#D71920
Vokins,Vokins,20,0,#D71920
Obafemi,Obafemi,20,0,#D71920
Djenepo,Djenepo,20,6,#D71920
Salisu,Salisu,20,0,#D71920
Forster,Forster,20,0,#D71920
Tella,Tella,20,1,#D71920
Lloris,Lloris,6,5,#132257
Rose,Rose,6,0,#132257
Sissoko,Sissoko,6,1,#132257
Alderweireld,Alderweireld,6,2,#132257
Lamela,Lamela,6,4,#132257
Kane,Kane,6,23,#132257
Aurier,Aurier,6,0,#132257
Son,Son,6,26,#132257
Dier,Dier,6,3,#132257
Lucas Moura,Lucas Moura,6,4,#132257
Gazzaniga,Gazzaniga,6,0,#132257
Alli,Alli,6,1,#132257
Davies,Davies,6,3,#132257
Højbjerg,Højbjerg,6,3,#132257
Winks,Winks,6,3,#132257
Sánchez,Sánchez,6,1,#132257
Sessegnon,Sessegnon,6,0,#132257
Bergwijn,Bergwijn,6,2,#132257
Fernandes,Fernandes,6,0,#132257
Tanganga,Tanganga,6,0,#132257
Lo Celso,Lo Celso,6,0,#132257
Skipp,Skipp,6,0,#132257
Ndombele,Ndombele,6,1,#132257
Foyth,Foyth,6,0,#132257
Doherty,Doherty,6,2,#132257
Hart,Hart,6,0,#132257
Carter-Vickers,Carter-Vickers,6,0,#132257
Reguilón,Reguilón,6,0,#132257
Bale,Bale,6,0,#132257
Button,Button,35,0,#FBEE23
Callum Robinson,Callum Robinson,35,3,#FBEE23
Gibbs,Gibbs,35,-3,#FBEE23
Robson-Kanu,Robson-Kanu,35,1,#FBEE23
Livermore,Livermore,35,4,#FBEE23
Grosicki,Grosicki,35,0,#FBEE23
Phillips,Phillips,35,1,#FBEE23
Bartley,Bartley,35,1,#FBEE23
Sawyers,Sawyers,35,4,#FBEE23
Hegazi,Hegazi,35,0,#FBEE23
Austin,Austin,35,0,#FBEE23
Zohore,Zohore,35,0,#FBEE23
Johnstone,Johnstone,35,2,#FBEE23
Townsend,Townsend,35,0,#FBEE23
Ajayi,Ajayi,35,0,#FBEE23
Leko,Leko,35,0,#FBEE23
Edwards,Edwards,35,2,#FBEE23
Furlong,Furlong,35,2,#FBEE23
Field,Field,35,1,#FBEE23
O'Shea,O'Shea,35,1,#FBEE23
Harper,Harper,35,1,#FBEE23
Diangana,Diangana,35,9,#FBEE23
Pereira,Pereira,35,12,#FBEE23
Kipre,Kipre,35,0,#FBEE23
Ivanovic,Ivanovic,35,0,#FBEE23
Gallagher,Gallagher,35,0,#FBEE23
Noble,Noble,21,2,#7A263A
Snodgrass,Snodgrass,21,0,#7A263A
Martin,Martin,21,0,#7A263A
Randolph,Randolph,21,0,#7A263A
Fabianski,Fabianski,21,2,#7A263A
Ogbonna,Ogbonna,21,2,#7A263A
Roberto,Roberto,21,0,#7A263A
Wilshere,Wilshere,21,0,#7A263A
Cresswell,Cresswell,21,2,#7A263A
Yarmolenko,Yarmolenko,21,1,#7A263A
Antonio,Antonio,21,8,#7A263A
Fredericks,Fredericks,21,3,#7A263A
Lanzini,Lanzini,21,0,#7A263A
Felipe Anderson,Felipe Anderson,21,2,#7A263A
Haller,Haller,21,2,#7A263A
Masuaku,Masuaku,21,1,#7A263A
Balbuena,Balbuena,21,0,#7A263A
Hugill,Hugill,21,0,#7A263A
Bowen,Bowen,21,4,#7A263A
Ajeti,Ajeti,21,0,#7A263A
Rice,Rice,21,4,#7A263A
Soucek,Soucek,21,4,#7A263A
Fornals,Fornals,21,4,#7A263A
Diop,Diop,21,2,#7A263A
Johnson,Johnson,21,0,#7A263A
Ruddy,Ruddy,39,0,#FDB913
Moutinho,Moutinho,39,5,#FDB913
Patrício,Patrício,39,9,#FDB913
Bennett,Bennett,39,0,#FDB913
Boly,Boly,39,7,#FDB913
Coady,Coady,39,9,#FDB913
Jiménez,Jiménez,39,14,#FDB913
Saïss,Saïss,39,16,#FDB913
Jonny,Jonny,39,0,#FDB913
Bonatini,Bonatini,39,0,#FDB913
Dendoncker,Dendoncker,39,4,#FDB913
Traoré,Traoré,39,5,#FDB913
Neves,Neves,39,3,#FDB913
Buur,Buur,39,1,#FDB913
Podence,Podence,39,11,#FDB913
Kilman,Kilman,39,0,#FDB913
Vinagre,Vinagre,39,1,#FDB913
Sarkic,Sarkic,39,0,#FDB913
Gibbs-White,Gibbs-White,39,0,#FDB913
Neto,Neto,39,8,#FDB913
Jordao,Jordao,39,0,#FDB913
Campana,Campana,39,0,#FDB913
Fabio Silva,Fabio Silva,39,1,#FDB913
Marçal,Marçal,39,6,#FDB913
Vitinha,Vitinha,39,1,#FDB913
Hoever,Hoever,39,0,#FDB913
